1_1_1_1.jpg,260,625,511,1064,Kellogg's Frosties,720,1440
1_2_1_1.jpg,260,625,511,1064,Kellogg's Frosties,720,1440
1_3_1_1.jpg,260,625,511,1064,Kellogg's Frosties,720,1440
1_4_1.jpg,260,625,511,1064,Kellogg's Frosties,720,1440
1_5_1.jpg,260,625,511,1064,Kellogg's Frosties,720,1440
1_6_1.jpg,260,625,511,1064,Kellogg's Frosties,720,1440
1_7_1.jpg,260,625,511,1064,Kellogg's Frosties,720,1440
1_8_1_1.jpg,260,625,511,1064,Kellogg's Frosties,720,1440
1_9_2.jpg,260,625,457,10010,Kellogg's Frosties,720,1440
1_10_1.jpg,260,625,511,1064,Kellogg's Frosties,720,1440
1_11_2_1.jpg,260,625,457,10010,Kellogg's Frosties,720,1440
1_12_2.jpg,260,625,422,978,Kellogg's Frosties,720,1440
1_13_2.jpg,260,625,422,978,Kellogg's Frosties,720,1440
1_14_1.jpg,260,625,511,1064,Kellogg's Frosties,720,1440
1_15_2.jpg,260,625,393,933,Kellogg's Frosties,720,1440
1_16_2.jpg,260,625,422,978,Kellogg's Frosties,720,1440
1_17_2.jpg,260,625,393,933,Kellogg's Frosties,720,1440
1_18_2.jpg,260,625,422,978,Kellogg's Frosties,720,1440
1_19_2.jpg,518,619,625,865,Kellogg's Frosties,720,1440
1_20_2.jpg,518,619,625,865,Kellogg's Frosties,720,1440
1_21_3.jpg,112,527,209,801,Kellogg's Frosties,720,1440
1_22_3.jpg,112,527,209,801,Kellogg's Frosties,720,1440
1_23_3.jpg,112,527,224,863,Kellogg's Frosties,720,1440
1_24_2.jpg,260,625,393,933,Kellogg's Frosties,720,1440
1_25_3.jpg,112,527,247,8710,Kellogg's Frosties,720,1440
1_26_3.jpg,112,527,247,8710,Kellogg's Frosties,720,1440
1_27_3.jpg,112,527,224,863,Kellogg's Frosties,720,1440
1_28_3.jpg,112,527,247,8710,Kellogg's Frosties,720,1440
1_29_3.jpg,112,527,281,924,Kellogg's Frosties,720,1440
1_30_3.jpg,112,527,342,993,Kellogg's Frosties,720,1440
1_31_1.jpg,112,527,281,816,Kellogg's Frosties,720,1440
1_32_1.jpg,112,527,281,816,Kellogg's Frosties,720,1440
1_33_3.jpg,112,527,281,924,Kellogg's Frosties,720,1440
2_34_1.jpg,260,625,529,1036,Kellogg's Choco Krispies Chocos 600g,720,1440
2_35_1.jpg,260,625,529,1036,Kellogg's Choco Krispies Chocos 600g,720,1440
2_36_1.jpg,260,625,527,1034,Kellogg's Choco Krispies Chocos 600g,720,1440
2_37_1.jpg,260,625,529,1036,Kellogg's Choco Krispies Chocos 600g,720,1440
2_38_1.jpg,260,625,529,1036,Kellogg's Choco Krispies Chocos 600g,720,1440
2_39_1.jpg,260,625,527,1034,Kellogg's Choco Krispies Chocos 600g,720,1440
2_40_1.jpg,31,608,293,974,Kellogg's Choco Krispies Chocos 600g,720,1440
2_41_1.jpg,278,610,527,974,Kellogg's Choco Krispies Chocos 600g,720,1440
2_42_1.jpg,31,608,293,974,Kellogg's Choco Krispies Chocos 600g,720,1440
2_43_2.jpg,278,610,442,977,Kellogg's Choco Krispies Chocos 600g,720,1440
2_44_1.jpg,278,610,527,974,Kellogg's Choco Krispies Chocos 600g,720,1440
2_45_2.jpg,278,610,442,977,Kellogg's Choco Krispies Chocos 600g,720,1440
2_46_2.jpg,278,610,442,977,Kellogg's Choco Krispies Chocos 600g,720,1440
2_47_1.jpg,260,625,527,1034,Kellogg's Choco Krispies Chocos 600g,720,1440
2_48_2.jpg,260,625,382,900,Kellogg's Choco Krispies Chocos 600g,720,1440
2_49_2.jpg,260,625,382,900,Kellogg's Choco Krispies Chocos 600g,720,1440
2_50_2.jpg,260,625,382,900,Kellogg's Choco Krispies Chocos 600g,720,1440
2_51_2.jpg,260,625,367,896,Kellogg's Choco Krispies Chocos 600g,720,1440
2_52_2.jpg,260,625,367,896,Kellogg's Choco Krispies Chocos 600g,720,1440
2_53_2.jpg,318,658,433,945,Kellogg's Choco Krispies Chocos 600g,720,1440
2_54_3.jpg,318,658,433,945,Kellogg's Choco Krispies Chocos 600g,720,1440
2_55_3.jpg,318,658,433,945,Kellogg's Choco Krispies Chocos 600g,720,1440
2_56_3.jpg,404,656,558,968,Kellogg's Choco Krispies Chocos 600g,720,1440
2_57_3.jpg,404,656,558,968,Kellogg's Choco Krispies Chocos 600g,720,1440
2_58_3.jpg,448,662,644,10010,Kellogg's Choco Krispies Chocos 600g,720,1440
2_59_3.jpg,448,662,644,10010,Kellogg's Choco Krispies Chocos 600g,720,1440
2_60_3.jpg,448,662,675,1064,Kellogg's Choco Krispies Chocos 600g,720,1440
2_61_3.jpg,448,662,675,1064,Kellogg's Choco Krispies Chocos 600g,720,1440
2_62_3.jpg,274,581,434,856,Kellogg's Choco Krispies Chocos 600g,720,1440
2_63_3.jpg,274,581,434,856,Kellogg's Choco Krispies Chocos 600g,720,1440
2_64_3.jpg,274,581,434,856,Kellogg's Choco Krispies Chocos 600g,720,1440
2_65_1.jpg,274,581,434,856,Kellogg's Choco Krispies Chocos 600g,720,1440
2_66_1.jpg,274,581,434,856,Kellogg's Choco Krispies Chocos 600g,720,1440
2_67_1.jpg,274,581,434,856,Kellogg's Choco Krispies Chocos 600g,720,1440
2_68_1.jpg,274,581,434,856,Kellogg's Choco Krispies Chocos 600g,720,1440
2_69_1.jpg,274,581,434,856,Kellogg's Choco Krispies Chocos 600g,720,1440
2_70_1.jpg,274,581,434,856,Kellogg's Choco Krispies Chocos 600g,720,1440
2_71_1.jpg,274,581,434,856,Kellogg's Choco Krispies Chocos 600g,720,1440
2_72_1.jpg,274,581,401,834,Kellogg's Choco Krispies Chocos 600g,720,1440
2_73_1.jpg,274,581,401,834,Kellogg's Choco Krispies Chocos 600g,720,1440
2_74_1.jpg,274,581,401,818,Kellogg's Choco Krispies Chocos 600g,720,1440
2_75_2.jpg,274,581,401,818,Kellogg's Choco Krispies Chocos 600g,720,1440
2_76_2.jpg,373,574,489,786,Kellogg's Choco Krispies Chocos 600g,720,1440
2_77_2.jpg,373,574,489,786,Kellogg's Choco Krispies Chocos 600g,720,1440
2_78_2.jpg,373,574,463,753,Kellogg's Choco Krispies Chocos 600g,720,1440
2_79_2.jpg,373,574,463,753,Kellogg's Choco Krispies Chocos 600g,720,1440
2_80_2.jpg,373,574,457,751,Kellogg's Choco Krispies Chocos 600g,720,1440
2_81_2.jpg,373,574,457,751,Kellogg's Choco Krispies Chocos 600g,720,1440
2_82_2.jpg,373,574,457,751,Kellogg's Choco Krispies Chocos 600g,720,1440
2_83_2.jpg,373,574,457,751,Kellogg's Choco Krispies Chocos 600g,720,1440
2_84_2.jpg,373,574,473,791,Kellogg's Choco Krispies Chocos 600g,720,1440
2_85_2.jpg,373,574,482,802,Kellogg's Choco Krispies Chocos 600g,720,1440
2_86_3.jpg,373,574,504,812,Kellogg's Choco Krispies Chocos 600g,720,1440
3_87_1.jpg,260,625,523,1098,Kellogg's Crunchy nut 700g,720,1440
3_88_1.jpg,260,625,523,1098,Kellogg's Crunchy nut 700g,720,1440
3_89_1.jpg,260,625,523,1098,Kellogg's Crunchy nut 700g,720,1440
3_90_1.jpg,260,625,514,1059,Kellogg's Crunchy nut 700g,720,1440
3_91_1.jpg,260,625,514,1059,Kellogg's Crunchy nut 700g,720,1440
3_92_1.jpg,260,625,514,1059,Kellogg's Crunchy nut 700g,720,1440
3_93_1.jpg,260,625,514,1059,Kellogg's Crunchy nut 700g,720,1440
3_94_1.jpg,358,6110,588,1052,Kellogg's Crunchy nut 700g,720,1440
3_95_1.jpg,452,6110,676,1035,Kellogg's Crunchy nut 700g,720,1440
3_96_1.jpg,452,6110,676,1035,Kellogg's Crunchy nut 700g,720,1440
3_97_2.jpg,346,516,555,984,Kellogg's Crunchy nut 700g,720,1440
3_98_2.jpg,346,516,555,984,Kellogg's Crunchy nut 700g,720,1440
3_99_2.jpg,510,494,683,911,Kellogg's Crunchy nut 700g,720,1440
3_100_2.jpg,510,494,683,911,Kellogg's Crunchy nut 700g,720,1440
3_101_2.jpg,510,494,687,891,Kellogg's Crunchy nut 700g,720,1440
3_102_2.jpg,510,494,687,891,Kellogg's Crunchy nut 700g,720,1440
3_103_2.jpg,164,504,306,864,Kellogg's Crunchy nut 700g,720,1440
3_104_2.jpg,164,504,306,864,Kellogg's Crunchy nut 700g,720,1440
3_105_2.jpg,164,504,292,818,Kellogg's Crunchy nut 700g,720,1440
3_106_2.jpg,164,504,292,818,Kellogg's Crunchy nut 700g,720,1440
3_107_2.jpg,439,523,637,909,Kellogg's Crunchy nut 700g,720,1440
3_108_2.jpg,439,523,637,909,Kellogg's Crunchy nut 700g,720,1440
3_109_2.jpg,439,523,637,909,Kellogg's Crunchy nut 700g,720,1440
3_110_3.jpg,284,502,434,842,Kellogg's Crunchy nut 700g,720,1440
3_111_3.jpg,284,502,434,842,Kellogg's Crunchy nut 700g,720,1440
3_112_3.jpg,284,502,434,842,Kellogg's Crunchy nut 700g,720,1440
3_113_3.jpg,220,508,345,823,Kellogg's Crunchy nut 700g,720,1440
3_114_3.jpg,220,508,345,823,Kellogg's Crunchy nut 700g,720,1440
3_115_3.jpg,154,504,251,7810,Kellogg's Crunchy nut 700g,720,1440
3_116_3.jpg,154,504,251,7810,Kellogg's Crunchy nut 700g,720,1440
3_117_3.jpg,135,517,232,803,Kellogg's Crunchy nut 700g,720,1440
3_118_3.jpg,135,517,232,803,Kellogg's Crunchy nut 700g,720,1440
3_119_3.jpg,135,517,314,831,Kellogg's Crunchy nut 700g,720,1440
3_120_3.jpg,135,517,314,831,Kellogg's Crunchy nut 700g,720,1440
3_121_3.jpg,135,517,314,831,Kellogg's Crunchy nut 700g,720,1440
3_122_1.jpg,135,517,314,831,Kellogg's Crunchy nut 700g,720,1440
3_123_1.jpg,135,517,314,831,Kellogg's Crunchy nut 700g,720,1440
3_124_1.jpg,135,517,314,831,Kellogg's Crunchy nut 700g,720,1440
3_125_1.jpg,135,517,314,831,Kellogg's Crunchy nut 700g,720,1440
3_126_1.jpg,334,540,513,832,Kellogg's Crunchy nut 700g,720,1440
3_127_1.jpg,334,540,513,832,Kellogg's Crunchy nut 700g,720,1440
3_128_1.jpg,334,540,467,792,Kellogg's Crunchy nut 700g,720,1440
3_129_1.jpg,334,540,467,792,Kellogg's Crunchy nut 700g,720,1440
3_130_1.jpg,334,540,467,792,Kellogg's Crunchy nut 700g,720,1440
3_131_2.jpg,334,540,450,785,Kellogg's Crunchy nut 700g,720,1440
3_132_2.jpg,334,540,450,785,Kellogg's Crunchy nut 700g,720,1440
3_133_2.jpg,334,540,450,785,Kellogg's Crunchy nut 700g,720,1440
3_134_2.jpg,474,523,581,752,Kellogg's Crunchy nut 700g,720,1440
3_135_2.jpg,474,523,581,752,Kellogg's Crunchy nut 700g,720,1440
3_136_2.jpg,474,523,581,752,Kellogg's Crunchy nut 700g,720,1440
3_137_2.jpg,474,523,581,752,Kellogg's Crunchy nut 700g,720,1440
3_138_2.jpg,468,523,542,7010,Kellogg's Crunchy nut 700g,720,1440
3_139_2.jpg,468,523,542,7010,Kellogg's Crunchy nut 700g,720,1440
3_140_2.jpg,351,523,486,768,Kellogg's Crunchy nut 700g,720,1440
3_141_2.jpg,351,523,486,768,Kellogg's Crunchy nut 700g,720,1440
3_142_2.jpg,351,523,486,768,Kellogg's Crunchy nut 700g,720,1440
3_143_3.jpg,351,523,486,768,Kellogg's Crunchy nut 700g,720,1440
3_144_3.jpg,313,516,422,747,Kellogg's Crunchy nut 700g,720,1440
3_145_3.jpg,313,516,422,747,Kellogg's Crunchy nut 700g,720,1440
3_146_3.jpg,313,516,422,747,Kellogg's Crunchy nut 700g,720,1440
3_147_3.jpg,313,516,410,717,Kellogg's Crunchy nut 700g,720,1440
4_148_1.jpg,260,625,515,974,Kelloggs Tresor,720,1440
4_149_1.jpg,260,625,515,974,Kelloggs Tresor,720,1440
4_150_1.jpg,260,625,515,974,Kelloggs Tresor,720,1440
4_151_1.jpg,260,625,515,974,Kelloggs Tresor,720,1440
4_152_1.jpg,260,625,515,974,Kelloggs Tresor,720,1440
4_153_1.jpg,260,625,515,974,Kelloggs Tresor,720,1440
4_154_1.jpg,260,625,515,974,Kelloggs Tresor,720,1440
4_155_1.jpg,260,625,515,974,Kelloggs Tresor,720,1440
4_156_2.jpg,260,625,446,950,Kelloggs Tresor,720,1440
4_157_2.jpg,260,625,446,950,Kelloggs Tresor,720,1440
4_158_2.jpg,436,594,583,892,Kelloggs Tresor,720,1440
4_159_2.jpg,436,594,583,892,Kelloggs Tresor,720,1440
4_160_2.jpg,436,594,571,874,Kelloggs Tresor,720,1440
4_161_2.jpg,436,594,571,874,Kelloggs Tresor,720,1440
4_162_3.jpg,436,594,571,874,Kelloggs Tresor,720,1440
4_163_3.jpg,436,594,596,898,Kelloggs Tresor,720,1440
4_164_3.jpg,436,594,596,898,Kelloggs Tresor,720,1440
4_165_3.jpg,436,594,596,898,Kelloggs Tresor,720,1440
4_166_3.jpg,436,594,596,898,Kelloggs Tresor,720,1440
4_167_3.jpg,436,594,596,898,Kelloggs Tresor,720,1440
4_168_1.jpg,289,534,454,785,Kelloggs Tresor,720,1440
4_169_1.jpg,289,534,454,785,Kelloggs Tresor,720,1440
4_170_1.jpg,289,534,454,785,Kelloggs Tresor,720,1440
4_171_1.jpg,289,534,454,785,Kelloggs Tresor,720,1440
4_172_1.jpg,289,534,454,785,Kelloggs Tresor,720,1440
4_173_1.jpg,289,534,454,785,Kelloggs Tresor,720,1440
4_174_2.jpg,289,534,432,757,Kelloggs Tresor,720,1440
4_175_2.jpg,289,534,432,757,Kelloggs Tresor,720,1440
4_176_2.jpg,289,534,432,757,Kelloggs Tresor,720,1440
4_177_2.jpg,289,534,415,757,Kelloggs Tresor,720,1440
4_178_2.jpg,289,534,415,757,Kelloggs Tresor,720,1440
4_179_2.jpg,289,534,415,757,Kelloggs Tresor,720,1440
4_180_2.jpg,289,534,415,757,Kelloggs Tresor,720,1440
4_181_2.jpg,289,534,415,757,Kelloggs Tresor,720,1440
4_182_3.jpg,289,534,396,722,Kelloggs Tresor,720,1440
4_183_3.jpg,289,534,396,722,Kelloggs Tresor,720,1440
4_184_3.jpg,289,534,389,7110,Kelloggs Tresor,720,1440
4_185_3.jpg,289,534,389,7110,Kelloggs Tresor,720,1440
4_186_3.jpg,289,534,389,7110,Kelloggs Tresor,720,1440
4_187_3.jpg,289,534,389,7110,Kelloggs Tresor,720,1440
5_188_1.jpg,260,625,534,10210,Kellogg's Smacks,720,1440
5_189_1.jpg,260,625,534,10210,Kellogg's Smacks,720,1440
5_190_1.jpg,260,625,534,10210,Kellogg's Smacks,720,1440
5_191_1.jpg,260,625,534,10210,Kellogg's Smacks,720,1440
5_192_1.jpg,260,625,534,10210,Kellogg's Smacks,720,1440
5_193_1.jpg,260,625,534,10210,Kellogg's Smacks,720,1440
5_194_1.jpg,260,625,534,10210,Kellogg's Smacks,720,1440
5_195_1.jpg,260,625,534,10210,Kellogg's Smacks,720,1440
5_196_1.jpg,260,625,534,10210,Kellogg's Smacks,720,1440
5_197_1.jpg,260,625,534,10210,Kellogg's Smacks,720,1440
5_198_1.jpg,260,625,534,10210,Kellogg's Smacks,720,1440
5_199_1.jpg,260,625,534,10210,Kellogg's Smacks,720,1440
5_200_1.jpg,260,625,534,10210,Kellogg's Smacks,720,1440
5_201_1.jpg,260,625,458,1025,Kellogg's Smacks,720,1440
5_202_1.jpg,260,625,458,1025,Kellogg's Smacks,720,1440
5_203_1.jpg,260,625,458,1025,Kellogg's Smacks,720,1440
5_204_2.jpg,260,625,458,1025,Kellogg's Smacks,720,1440
5_205_2.jpg,260,625,415,970,Kellogg's Smacks,720,1440
5_206_2.jpg,260,625,415,970,Kellogg's Smacks,720,1440
5_207_2.jpg,260,625,415,970,Kellogg's Smacks,720,1440
5_208_2.jpg,373,613,488,9110,Kellogg's Smacks,720,1440
5_209_2.jpg,373,613,488,9110,Kellogg's Smacks,720,1440
5_210_2.jpg,373,613,488,9110,Kellogg's Smacks,720,1440
5_211_2.jpg,377,613,478,8610,Kellogg's Smacks,720,1440
5_212_2.jpg,377,613,478,8610,Kellogg's Smacks,720,1440
5_213_2.jpg,377,613,478,8610,Kellogg's Smacks,720,1440
5_214_2.jpg,377,613,475,896,Kellogg's Smacks,720,1440
5_215_2.jpg,377,613,475,896,Kellogg's Smacks,720,1440
5_216_2.jpg,377,613,531,9310,Kellogg's Smacks,720,1440
5_217_3.jpg,377,613,531,9310,Kellogg's Smacks,720,1440
5_218_3.jpg,377,613,531,9310,Kellogg's Smacks,720,1440
5_219_3.jpg,377,613,553,965,Kellogg's Smacks,720,1440
5_220_3.jpg,377,613,553,965,Kellogg's Smacks,720,1440
5_221_3.jpg,377,613,593,1024,Kellogg's Smacks,720,1440
5_222_3.jpg,377,613,593,1024,Kellogg's Smacks,720,1440
5_223_3.jpg,377,613,593,1024,Kellogg's Smacks,720,1440
5_224_3.jpg,377,613,5410,869,Kellogg's Smacks,720,1440
5_225_3.jpg,377,613,5410,869,Kellogg's Smacks,720,1440
5_226_3.jpg,377,613,5410,869,Kellogg's Smacks,720,1440
5_227_1.jpg,377,613,5410,869,Kellogg's Smacks,720,1440
5_228_1.jpg,377,613,5410,869,Kellogg's Smacks,720,1440
5_229_1.jpg,377,613,5410,869,Kellogg's Smacks,720,1440
5_230_1.jpg,377,613,5410,869,Kellogg's Smacks,720,1440
5_231_1.jpg,377,613,514,847,Kellogg's Smacks,720,1440
5_232_1.jpg,377,613,514,847,Kellogg's Smacks,720,1440
5_233_1.jpg,377,613,474,872,Kellogg's Smacks,720,1440
5_234_1.jpg,377,613,474,872,Kellogg's Smacks,720,1440
5_235_1.jpg,377,613,461,8210,Kellogg's Smacks,720,1440
5_236_1.jpg,377,613,461,8210,Kellogg's Smacks,720,1440
5_237_1.jpg,377,613,461,8210,Kellogg's Smacks,720,1440
5_238_1.jpg,354,613,461,888,Kellogg's Smacks,720,1440
5_239_2.jpg,354,613,461,888,Kellogg's Smacks,720,1440
5_240_2.jpg,354,613,489,927,Kellogg's Smacks,720,1440
5_241_2.jpg,354,613,489,927,Kellogg's Smacks,720,1440
5_242_2.jpg,354,613,5010,966,Kellogg's Smacks,720,1440
5_243_2.jpg,354,613,5010,966,Kellogg's Smacks,720,1440
5_244_2.jpg,354,613,531,1006,Kellogg's Smacks,720,1440
5_245_2.jpg,354,613,531,1006,Kellogg's Smacks,720,1440
6_246_1.jpg,260,625,502,919,Kellogg's Tresor Dark Choco,720,1440
6_247_1.jpg,260,625,502,919,Kellogg's Tresor Dark Choco,720,1440
6_248_1.jpg,260,625,502,919,Kellogg's Tresor Dark Choco,720,1440
6_249_1.jpg,260,625,502,919,Kellogg's Tresor Dark Choco,720,1440
6_250_1.jpg,260,625,502,919,Kellogg's Tresor Dark Choco,720,1440
6_251_1.jpg,260,625,502,919,Kellogg's Tresor Dark Choco,720,1440
6_252_2.jpg,260,625,416,887,Kellogg's Tresor Dark Choco,720,1440
6_253_2.jpg,260,625,416,887,Kellogg's Tresor Dark Choco,720,1440
6_254_2.jpg,260,625,416,887,Kellogg's Tresor Dark Choco,720,1440
6_255_2.jpg,260,625,416,887,Kellogg's Tresor Dark Choco,720,1440
6_256_2.jpg,407,605,531,859,Kellogg's Tresor Dark Choco,720,1440
6_257_2.jpg,407,605,531,859,Kellogg's Tresor Dark Choco,720,1440
6_258_2.jpg,407,605,531,859,Kellogg's Tresor Dark Choco,720,1440
6_259_3.jpg,407,605,531,859,Kellogg's Tresor Dark Choco,720,1440
6_260_3.jpg,407,605,531,859,Kellogg's Tresor Dark Choco,720,1440
6_261_3.jpg,407,605,574,882,Kellogg's Tresor Dark Choco,720,1440
6_262_3.jpg,407,605,574,882,Kellogg's Tresor Dark Choco,720,1440
6_263_3.jpg,407,605,574,882,Kellogg's Tresor Dark Choco,720,1440
6_264_1.jpg,407,605,577,823,Kellogg's Tresor Dark Choco,720,1440
6_265_1.jpg,407,605,577,823,Kellogg's Tresor Dark Choco,720,1440
6_266_1.jpg,407,605,577,823,Kellogg's Tresor Dark Choco,720,1440
6_267_1.jpg,407,605,577,823,Kellogg's Tresor Dark Choco,720,1440
6_268_2.jpg,407,605,577,823,Kellogg's Tresor Dark Choco,720,1440
6_269_2.jpg,407,605,548,818,Kellogg's Tresor Dark Choco,720,1440
6_270_2.jpg,407,605,548,818,Kellogg's Tresor Dark Choco,720,1440
6_271_2.jpg,407,605,548,818,Kellogg's Tresor Dark Choco,720,1440
6_272_3.jpg,407,605,516,796,Kellogg's Tresor Dark Choco,720,1440
6_273_3.jpg,407,605,516,796,Kellogg's Tresor Dark Choco,720,1440
6_274_3.jpg,407,605,516,796,Kellogg's Tresor Dark Choco,720,1440
6_275_3.jpg,407,605,516,796,Kellogg's Tresor Dark Choco,720,1440
6_276_3.jpg,407,605,516,796,Kellogg's Tresor Dark Choco,720,1440
7_277_1.jpg,260,625,517,1037,Kellogg's Corn Flakes,720,1440
7_278_1.jpg,260,625,517,1037,Kellogg's Corn Flakes,720,1440
7_279_1.jpg,260,625,517,1037,Kellogg's Corn Flakes,720,1440
7_280_1.jpg,260,625,517,1037,Kellogg's Corn Flakes,720,1440
7_281_1.jpg,260,625,517,1037,Kellogg's Corn Flakes,720,1440
7_282_1.jpg,260,625,517,1037,Kellogg's Corn Flakes,720,1440
7_283_1.jpg,260,625,517,1037,Kellogg's Corn Flakes,720,1440
7_284_1.jpg,260,625,517,1037,Kellogg's Corn Flakes,720,1440
7_285_2.jpg,260,625,476,1074,Kellogg's Corn Flakes,720,1440
7_286_2.jpg,260,625,476,1074,Kellogg's Corn Flakes,720,1440
7_287_2.jpg,260,625,476,1074,Kellogg's Corn Flakes,720,1440
7_288_2.jpg,260,625,476,1074,Kellogg's Corn Flakes,720,1440
7_289_2.jpg,260,625,432,1025,Kellogg's Corn Flakes,720,1440
7_290_2.jpg,260,625,432,1025,Kellogg's Corn Flakes,720,1440
7_291_2.jpg,260,625,432,1025,Kellogg's Corn Flakes,720,1440
7_292_2.jpg,260,625,432,1025,Kellogg's Corn Flakes,720,1440
7_293_2.jpg,260,625,396,987,Kellogg's Corn Flakes,720,1440
7_294_2.jpg,260,625,396,987,Kellogg's Corn Flakes,720,1440
7_295_2.jpg,260,625,396,987,Kellogg's Corn Flakes,720,1440
7_296_2.jpg,260,625,396,987,Kellogg's Corn Flakes,720,1440
7_297_2.jpg,504,603,604,877,Kellogg's Corn Flakes,720,1440
7_298_2.jpg,504,603,604,877,Kellogg's Corn Flakes,720,1440
7_299_2.jpg,504,603,604,877,Kellogg's Corn Flakes,720,1440
7_300_2.jpg,504,603,604,877,Kellogg's Corn Flakes,720,1440
7_301_2.jpg,504,603,623,910,Kellogg's Corn Flakes,720,1440
7_302_2.jpg,504,603,623,910,Kellogg's Corn Flakes,720,1440
7_303_2.jpg,504,603,623,910,Kellogg's Corn Flakes,720,1440
7_304_3.jpg,504,603,617,981,Kellogg's Corn Flakes,720,1440
7_305_3.jpg,504,603,686,997,Kellogg's Corn Flakes,720,1440
7_306_3.jpg,504,603,686,997,Kellogg's Corn Flakes,720,1440
7_307_3.jpg,462,603,712,1043,Kellogg's Corn Flakes,720,1440
7_308_3.jpg,462,603,712,1043,Kellogg's Corn Flakes,720,1440
7_309_3.jpg,262,526,5110,982,Kellogg's Corn Flakes,720,1440
7_310_3.jpg,262,526,5110,982,Kellogg's Corn Flakes,720,1440
7_311_3.jpg,262,526,450,933,Kellogg's Corn Flakes,720,1440
7_312_3.jpg,262,526,450,933,Kellogg's Corn Flakes,720,1440
7_313_3.jpg,262,526,450,933,Kellogg's Corn Flakes,720,1440
7_314_1.jpg,262,526,438,813,Kellogg's Corn Flakes,720,1440
7_315_1.jpg,262,526,438,813,Kellogg's Corn Flakes,720,1440
7_316_1.jpg,262,526,438,813,Kellogg's Corn Flakes,720,1440
7_317_1.jpg,262,526,438,813,Kellogg's Corn Flakes,720,1440
7_318_1.jpg,262,526,438,813,Kellogg's Corn Flakes,720,1440
7_319_1.jpg,262,526,438,813,Kellogg's Corn Flakes,720,1440
7_320_1.jpg,262,526,438,813,Kellogg's Corn Flakes,720,1440
7_321_1.jpg,262,526,438,813,Kellogg's Corn Flakes,720,1440
7_322_1.jpg,262,526,438,813,Kellogg's Corn Flakes,720,1440
7_323_1.jpg,262,526,438,813,Kellogg's Corn Flakes,720,1440
7_324_2.jpg,262,526,376,775,Kellogg's Corn Flakes,720,1440
7_325_2.jpg,262,526,376,775,Kellogg's Corn Flakes,720,1440
7_326_2.jpg,262,526,376,775,Kellogg's Corn Flakes,720,1440
7_327_2.jpg,262,526,376,775,Kellogg's Corn Flakes,720,1440
7_328_2.jpg,262,526,355,755,Kellogg's Corn Flakes,720,1440
7_329_2.jpg,262,526,355,755,Kellogg's Corn Flakes,720,1440
7_330_2.jpg,262,526,349,736,Kellogg's Corn Flakes,720,1440
7_331_2.jpg,262,526,349,736,Kellogg's Corn Flakes,720,1440
7_332_2.jpg,262,526,349,736,Kellogg's Corn Flakes,720,1440
7_333_2.jpg,262,526,349,736,Kellogg's Corn Flakes,720,1440
7_334_3.jpg,262,526,349,736,Kellogg's Corn Flakes,720,1440
7_335_3.jpg,262,526,349,736,Kellogg's Corn Flakes,720,1440
7_336_3.jpg,262,526,349,736,Kellogg's Corn Flakes,720,1440
7_337_3.jpg,262,526,371,745,Kellogg's Corn Flakes,720,1440
7_338_3.jpg,262,526,371,745,Kellogg's Corn Flakes,720,1440
7_339_3.jpg,262,526,393,784,Kellogg's Corn Flakes,720,1440
7_340_3.jpg,262,526,393,784,Kellogg's Corn Flakes,720,1440
7_341_3.jpg,262,526,393,784,Kellogg's Corn Flakes,720,1440
7_342_3.jpg,262,526,393,784,Kellogg's Corn Flakes,720,1440
7_343_3.jpg,262,526,397,789,Kellogg's Corn Flakes,720,1440
8_344_1.jpg,260,625,539,1017,Kellogg's Special K 600g,720,1440
8_345_1.jpg,260,625,539,1017,Kellogg's Special K 600g,720,1440
8_346_1.jpg,260,625,539,1017,Kellogg's Special K 600g,720,1440
8_347_1.jpg,260,625,539,1017,Kellogg's Special K 600g,720,1440
8_348_1.jpg,260,625,539,1017,Kellogg's Special K 600g,720,1440
8_349_1.jpg,260,625,539,1017,Kellogg's Special K 600g,720,1440
8_350_1.jpg,260,625,475,959,Kellogg's Special K 600g,720,1440
8_351_1.jpg,260,625,475,959,Kellogg's Special K 600g,720,1440
8_352_1.jpg,260,625,477,966,Kellogg's Special K 600g,720,1440
8_353_1.jpg,260,625,477,966,Kellogg's Special K 600g,720,1440
8_354_2.jpg,260,625,445,962,Kellogg's Special K 600g,720,1440
8_355_2.jpg,260,625,445,962,Kellogg's Special K 600g,720,1440
8_356_2.jpg,260,625,396,927,Kellogg's Special K 600g,720,1440
8_357_2.jpg,260,625,396,927,Kellogg's Special K 600g,720,1440
8_358_2.jpg,260,625,378,899,Kellogg's Special K 600g,720,1440
8_359_2.jpg,260,625,378,899,Kellogg's Special K 600g,720,1440
8_360_2.jpg,260,625,371,849,Kellogg's Special K 600g,720,1440
8_361_2.jpg,260,625,371,849,Kellogg's Special K 600g,720,1440
8_362_3.jpg,260,625,432,963,Kellogg's Special K 600g,720,1440
8_363_3.jpg,260,625,432,963,Kellogg's Special K 600g,720,1440
8_364_3.jpg,260,625,4410,999,Kellogg's Special K 600g,720,1440
8_365_3.jpg,260,625,4410,999,Kellogg's Special K 600g,720,1440
8_366_3.jpg,465,585,709,1017,Kellogg's Special K 600g,720,1440
8_367_3.jpg,465,585,709,1017,Kellogg's Special K 600g,720,1440
8_368_3.jpg,251,539,580,1062,Kellogg's Special K 600g,720,1440
8_369_3.jpg,251,539,580,1062,Kellogg's Special K 600g,720,1440
8_370_3.jpg,251,539,418,820,Kellogg's Special K 600g,720,1440
8_371_1.jpg,251,539,418,820,Kellogg's Special K 600g,720,1440
8_372_1.jpg,251,539,418,820,Kellogg's Special K 600g,720,1440
8_373_1.jpg,251,539,418,820,Kellogg's Special K 600g,720,1440
8_374_1.jpg,251,539,418,820,Kellogg's Special K 600g,720,1440
8_375_1.jpg,251,539,418,820,Kellogg's Special K 600g,720,1440
8_376_1.jpg,251,539,425,773,Kellogg's Special K 600g,720,1440
8_377_1.jpg,251,539,425,773,Kellogg's Special K 600g,720,1440
8_378_1.jpg,251,539,446,803,Kellogg's Special K 600g,720,1440
8_379_1.jpg,251,539,446,803,Kellogg's Special K 600g,720,1440
8_380_1.jpg,251,539,371,746,Kellogg's Special K 600g,720,1440
8_381_1.jpg,251,539,371,746,Kellogg's Special K 600g,720,1440
8_382_2.jpg,251,539,357,749,Kellogg's Special K 600g,720,1440
8_383_2.jpg,251,539,357,749,Kellogg's Special K 600g,720,1440
8_384_2.jpg,251,539,357,723,Kellogg's Special K 600g,720,1440
8_385_2.jpg,251,539,357,723,Kellogg's Special K 600g,720,1440
8_386_2.jpg,251,539,357,723,Kellogg's Special K 600g,720,1440
8_387_2.jpg,251,539,357,723,Kellogg's Special K 600g,720,1440
8_388_2.jpg,251,539,357,723,Kellogg's Special K 600g,720,1440
8_389_2.jpg,251,539,357,723,Kellogg's Special K 600g,720,1440
8_390_2.jpg,251,539,357,723,Kellogg's Special K 600g,720,1440
8_391_3.jpg,251,539,357,723,Kellogg's Special K 600g,720,1440
8_392_3.jpg,251,539,388,771,Kellogg's Special K 600g,720,1440
8_393_3.jpg,251,539,388,771,Kellogg's Special K 600g,720,1440
9_394_1.jpg,260,625,5110,1025,Kellogg's Honey Bsss Pops,720,1440
9_395_1.jpg,260,625,5110,1025,Kellogg's Honey Bsss Pops,720,1440
9_396_1.jpg,260,625,5110,1025,Kellogg's Honey Bsss Pops,720,1440
9_397_1.jpg,260,625,5110,1025,Kellogg's Honey Bsss Pops,720,1440
9_398_1.jpg,260,625,5110,1025,Kellogg's Honey Bsss Pops,720,1440
9_399_1.jpg,260,625,5110,1025,Kellogg's Honey Bsss Pops,720,1440
9_400_1.jpg,260,625,5110,1025,Kellogg's Honey Bsss Pops,720,1440
9_401_1.jpg,260,625,5110,1025,Kellogg's Honey Bsss Pops,720,1440
9_402_1.jpg,260,625,469,1062,Kellogg's Honey Bsss Pops,720,1440
9_403_2.jpg,260,625,469,1062,Kellogg's Honey Bsss Pops,720,1440
9_404_2.jpg,260,625,469,1062,Kellogg's Honey Bsss Pops,720,1440
9_405_2.jpg,260,625,421,999,Kellogg's Honey Bsss Pops,720,1440
9_406_2.jpg,260,625,421,999,Kellogg's Honey Bsss Pops,720,1440
9_407_2.jpg,260,625,404,953,Kellogg's Honey Bsss Pops,720,1440
9_408_2.jpg,260,625,404,953,Kellogg's Honey Bsss Pops,720,1440
9_409_2.jpg,260,625,404,953,Kellogg's Honey Bsss Pops,720,1440
9_410_2.jpg,260,625,412,970,Kellogg's Honey Bsss Pops,720,1440
9_411_3.jpg,260,625,412,970,Kellogg's Honey Bsss Pops,720,1440
9_412_3.jpg,260,625,412,970,Kellogg's Honey Bsss Pops,720,1440
9_413_3.jpg,260,625,412,970,Kellogg's Honey Bsss Pops,720,1440
9_414_3.jpg,260,625,385,931,Kellogg's Honey Bsss Pops,720,1440
9_415_3.jpg,260,625,385,931,Kellogg's Honey Bsss Pops,720,1440
9_416_3.jpg,260,625,438,893,Kellogg's Honey Bsss Pops,720,1440
9_417_1.jpg,260,625,438,893,Kellogg's Honey Bsss Pops,720,1440
9_418_1.jpg,260,625,438,893,Kellogg's Honey Bsss Pops,720,1440
9_419_1.jpg,260,625,438,893,Kellogg's Honey Bsss Pops,720,1440
9_420_1.jpg,260,625,438,893,Kellogg's Honey Bsss Pops,720,1440
9_421_1.jpg,260,625,393,856,Kellogg's Honey Bsss Pops,720,1440
9_422_2.jpg,260,625,393,856,Kellogg's Honey Bsss Pops,720,1440
9_423_2.jpg,260,625,393,856,Kellogg's Honey Bsss Pops,720,1440
9_424_2.jpg,260,625,393,856,Kellogg's Honey Bsss Pops,720,1440
9_425_2.jpg,260,625,371,843,Kellogg's Honey Bsss Pops,720,1440
9_426_2.jpg,260,625,371,843,Kellogg's Honey Bsss Pops,720,1440
9_427_2.jpg,260,625,402,862,Kellogg's Honey Bsss Pops,720,1440
9_428_3.jpg,260,625,402,862,Kellogg's Honey Bsss Pops,720,1440
9_429_3.jpg,260,625,402,862,Kellogg's Honey Bsss Pops,720,1440
9_430_3.jpg,260,625,435,892,Kellogg's Honey Bsss Pops,720,1440
9_431_3.jpg,260,625,435,892,Kellogg's Honey Bsss Pops,720,1440
10_432_1.jpg,260,625,539,1018,Kellogg's Choco Krispies 600g,720,1440
10_433_1.jpg,260,625,539,1018,Kellogg's Choco Krispies 600g,720,1440
10_434_1.jpg,260,625,539,1018,Kellogg's Choco Krispies 600g,720,1440
10_435_1.jpg,260,625,539,1018,Kellogg's Choco Krispies 600g,720,1440
10_436_1.jpg,260,625,539,1018,Kellogg's Choco Krispies 600g,720,1440
10_437_1.jpg,260,625,539,1018,Kellogg's Choco Krispies 600g,720,1440
10_438_1.jpg,260,625,539,1018,Kellogg's Choco Krispies 600g,720,1440
10_439_1.jpg,260,625,539,1018,Kellogg's Choco Krispies 600g,720,1440
10_440_1.jpg,394,570,627,935,Kellogg's Choco Krispies 600g,720,1440
10_441_1.jpg,394,570,627,935,Kellogg's Choco Krispies 600g,720,1440
10_442_1.jpg,394,570,627,935,Kellogg's Choco Krispies 600g,720,1440
10_443_1.jpg,394,570,627,935,Kellogg's Choco Krispies 600g,720,1440
10_444_1.jpg,394,570,601,932,Kellogg's Choco Krispies 600g,720,1440
10_445_2.jpg,394,570,601,932,Kellogg's Choco Krispies 600g,720,1440
10_446_2.jpg,394,570,601,932,Kellogg's Choco Krispies 600g,720,1440
10_447_2.jpg,394,570,536,905,Kellogg's Choco Krispies 600g,720,1440
10_448_2.jpg,394,570,536,905,Kellogg's Choco Krispies 600g,720,1440
10_449_2.jpg,394,570,536,905,Kellogg's Choco Krispies 600g,720,1440
10_450_2.jpg,465,544,592,874,Kellogg's Choco Krispies 600g,720,1440
10_451_2.jpg,465,544,592,874,Kellogg's Choco Krispies 600g,720,1440
10_452_2.jpg,465,544,573,817,Kellogg's Choco Krispies 600g,720,1440
10_453_2.jpg,465,544,573,817,Kellogg's Choco Krispies 600g,720,1440
10_454_2.jpg,465,544,573,817,Kellogg's Choco Krispies 600g,720,1440
10_455_2.jpg,465,544,573,817,Kellogg's Choco Krispies 600g,720,1440
10_456_2.jpg,465,544,573,817,Kellogg's Choco Krispies 600g,720,1440
10_457_3.jpg,202,529,314,809,Kellogg's Choco Krispies 600g,720,1440
10_458_3.jpg,202,529,314,809,Kellogg's Choco Krispies 600g,720,1440
10_459_3.jpg,202,529,341,831,Kellogg's Choco Krispies 600g,720,1440
10_460_3.jpg,202,529,341,831,Kellogg's Choco Krispies 600g,720,1440
10_461_3.jpg,202,529,341,831,Kellogg's Choco Krispies 600g,720,1440
10_462_3.jpg,202,529,417,863,Kellogg's Choco Krispies 600g,720,1440
10_463_3.jpg,202,529,366,793,Kellogg's Choco Krispies 600g,720,1440
10_464_1.jpg,202,529,366,793,Kellogg's Choco Krispies 600g,720,1440
10_465_1.jpg,202,529,366,793,Kellogg's Choco Krispies 600g,720,1440
10_466_1.jpg,202,529,366,793,Kellogg's Choco Krispies 600g,720,1440
10_467_1.jpg,202,529,366,793,Kellogg's Choco Krispies 600g,720,1440
10_468_1.jpg,202,529,366,793,Kellogg's Choco Krispies 600g,720,1440
10_469_1.jpg,202,529,366,793,Kellogg's Choco Krispies 600g,720,1440
10_470_1.jpg,202,529,366,793,Kellogg's Choco Krispies 600g,720,1440
10_471_1.jpg,202,529,366,793,Kellogg's Choco Krispies 600g,720,1440
10_472_1.jpg,202,529,366,793,Kellogg's Choco Krispies 600g,720,1440
10_473_1.jpg,202,529,366,793,Kellogg's Choco Krispies 600g,720,1440
10_474_1.jpg,202,529,3110,758,Kellogg's Choco Krispies 600g,720,1440
10_475_1.jpg,202,529,3110,758,Kellogg's Choco Krispies 600g,720,1440
10_476_2.jpg,202,529,3110,758,Kellogg's Choco Krispies 600g,720,1440
10_477_2.jpg,202,529,3110,758,Kellogg's Choco Krispies 600g,720,1440
10_478_2.jpg,276,513,385,7110,Kellogg's Choco Krispies 600g,720,1440
10_479_2.jpg,276,513,385,7110,Kellogg's Choco Krispies 600g,720,1440
10_480_2.jpg,276,513,365,716,Kellogg's Choco Krispies 600g,720,1440
10_481_2.jpg,276,513,365,716,Kellogg's Choco Krispies 600g,720,1440
10_482_2.jpg,276,513,359,699,Kellogg's Choco Krispies 600g,720,1440
10_483_2.jpg,276,513,359,699,Kellogg's Choco Krispies 600g,720,1440
10_484_2.jpg,276,513,359,699,Kellogg's Choco Krispies 600g,720,1440
10_485_2.jpg,276,513,359,699,Kellogg's Choco Krispies 600g,720,1440
10_486_2.jpg,276,513,359,699,Kellogg's Choco Krispies 600g,720,1440
10_487_2.jpg,276,513,359,699,Kellogg's Choco Krispies 600g,720,1440
10_488_3.jpg,276,513,359,699,Kellogg's Choco Krispies 600g,720,1440
10_489_3.jpg,276,513,359,699,Kellogg's Choco Krispies 600g,720,1440
10_490_3.jpg,276,513,359,699,Kellogg's Choco Krispies 600g,720,1440
10_491_3.jpg,276,513,359,699,Kellogg's Choco Krispies 600g,720,1440
10_492_3.jpg,276,513,359,699,Kellogg's Choco Krispies 600g,720,1440
10_493_3.jpg,276,513,359,699,Kellogg's Choco Krispies 600g,720,1440
10_494_3.jpg,276,513,396,722,Kellogg's Choco Krispies 600g,720,1440
10_495_3.jpg,276,513,396,722,Kellogg's Choco Krispies 600g,720,1440
10_496_3.jpg,276,513,396,722,Kellogg's Choco Krispies 600g,720,1440
10_497_3.jpg,276,513,387,722,Kellogg's Choco Krispies 600g,720,1440
10_498_3.jpg,276,513,387,722,Kellogg's Choco Krispies 600g,720,1440
11_499_1.jpg,260,625,563,1121,Kellogg's Toppas Classic 700g,720,1440
11_500_1.jpg,260,625,563,1121,Kellogg's Toppas Classic 700g,720,1440
11_501_1.jpg,260,625,563,1121,Kellogg's Toppas Classic 700g,720,1440
11_502_1.jpg,260,625,563,1121,Kellogg's Toppas Classic 700g,720,1440
11_503_1.jpg,260,625,563,1121,Kellogg's Toppas Classic 700g,720,1440
11_504_1.jpg,260,625,563,1121,Kellogg's Toppas Classic 700g,720,1440
11_505_2.jpg,260,625,422,9910,Kellogg's Toppas Classic 700g,720,1440
11_506_2.jpg,260,625,422,9910,Kellogg's Toppas Classic 700g,720,1440
11_507_2.jpg,260,625,422,9910,Kellogg's Toppas Classic 700g,720,1440
11_508_2.jpg,260,625,422,9910,Kellogg's Toppas Classic 700g,720,1440
11_509_2.jpg,260,625,352,970,Kellogg's Toppas Classic 700g,720,1440
11_510_2.jpg,260,625,352,970,Kellogg's Toppas Classic 700g,720,1440
11_511_2.jpg,260,625,352,970,Kellogg's Toppas Classic 700g,720,1440
11_512_3.jpg,260,625,372,974,Kellogg's Toppas Classic 700g,720,1440
11_513_3.jpg,260,625,372,974,Kellogg's Toppas Classic 700g,720,1440
11_514_3.jpg,260,625,372,974,Kellogg's Toppas Classic 700g,720,1440
11_515_3.jpg,260,625,465,998,Kellogg's Toppas Classic 700g,720,1440
11_516_3.jpg,260,625,465,998,Kellogg's Toppas Classic 700g,720,1440
11_517_3.jpg,260,625,465,998,Kellogg's Toppas Classic 700g,720,1440
11_518_1.jpg,260,625,422,899,Kellogg's Toppas Classic 700g,720,1440
11_519_1.jpg,260,625,422,899,Kellogg's Toppas Classic 700g,720,1440
11_520_1.jpg,260,625,422,899,Kellogg's Toppas Classic 700g,720,1440
11_521_1.jpg,260,625,422,899,Kellogg's Toppas Classic 700g,720,1440
11_522_1.jpg,260,625,422,899,Kellogg's Toppas Classic 700g,720,1440
11_523_1.jpg,260,625,422,899,Kellogg's Toppas Classic 700g,720,1440
11_524_1.jpg,260,625,422,899,Kellogg's Toppas Classic 700g,720,1440
11_525_1.jpg,260,625,422,899,Kellogg's Toppas Classic 700g,720,1440
11_526_1.jpg,260,625,422,899,Kellogg's Toppas Classic 700g,720,1440
11_527_2.jpg,260,625,382,872,Kellogg's Toppas Classic 700g,720,1440
11_528_2.jpg,260,625,348,865,Kellogg's Toppas Classic 700g,720,1440
11_529_3.jpg,260,625,348,865,Kellogg's Toppas Classic 700g,720,1440
11_530_3.jpg,268,625,388,836,Kellogg's Toppas Classic 700g,720,1440
12_531_1.jpg,260,625,569,1032,Kelloggs Special K Red Berries 375,720,1440
12_532_1.jpg,260,625,569,1032,Kelloggs Special K Red Berries 375,720,1440
12_533_1.jpg,260,625,569,1032,Kelloggs Special K Red Berries 375,720,1440
12_534_1.jpg,260,625,569,1032,Kelloggs Special K Red Berries 375,720,1440
12_535_1.jpg,260,625,569,1032,Kelloggs Special K Red Berries 375,720,1440
12_536_1.jpg,260,625,569,1032,Kelloggs Special K Red Berries 375,720,1440
12_537_1.jpg,260,625,511,1050,Kelloggs Special K Red Berries 375,720,1440
12_538_1.jpg,260,625,511,1050,Kelloggs Special K Red Berries 375,720,1440
12_539_1.jpg,260,625,519,1007,Kelloggs Special K Red Berries 375,720,1440
12_540_1.jpg,260,625,519,1007,Kelloggs Special K Red Berries 375,720,1440
12_541_1.jpg,260,625,519,1007,Kelloggs Special K Red Berries 375,720,1440
12_542_1.jpg,260,625,519,1007,Kelloggs Special K Red Berries 375,720,1440
12_543_1.jpg,260,625,519,1007,Kelloggs Special K Red Berries 375,720,1440
12_544_1.jpg,260,625,519,1007,Kelloggs Special K Red Berries 375,720,1440
12_545_2.jpg,260,625,4210,988,Kelloggs Special K Red Berries 375,720,1440
12_546_2.jpg,260,625,4210,988,Kelloggs Special K Red Berries 375,720,1440
12_547_2.jpg,260,625,393,940,Kelloggs Special K Red Berries 375,720,1440
12_548_2.jpg,260,625,393,940,Kelloggs Special K Red Berries 375,720,1440
12_549_2.jpg,260,625,373,931,Kelloggs Special K Red Berries 375,720,1440
12_550_2.jpg,260,625,375,892,Kelloggs Special K Red Berries 375,720,1440
12_551_2.jpg,260,625,375,892,Kelloggs Special K Red Berries 375,720,1440
12_552_2.jpg,260,625,346,872,Kelloggs Special K Red Berries 375,720,1440
12_553_2.jpg,260,625,346,872,Kelloggs Special K Red Berries 375,720,1440
12_554_2.jpg,260,625,346,872,Kelloggs Special K Red Berries 375,720,1440
12_555_2.jpg,260,625,346,872,Kelloggs Special K Red Berries 375,720,1440
12_556_3.jpg,259,625,346,853,Kelloggs Special K Red Berries 375,720,1440
12_557_3.jpg,259,625,346,853,Kelloggs Special K Red Berries 375,720,1440
12_558_3.jpg,259,625,346,853,Kelloggs Special K Red Berries 375,720,1440
12_559_3.jpg,259,625,346,853,Kelloggs Special K Red Berries 375,720,1440
12_560_3.jpg,259,625,375,886,Kelloggs Special K Red Berries 375,720,1440
12_561_3.jpg,259,625,375,886,Kelloggs Special K Red Berries 375,720,1440
12_562_3.jpg,259,625,375,886,Kelloggs Special K Red Berries 375,720,1440
12_563_3.jpg,259,625,392,908,Kelloggs Special K Red Berries 375,720,1440
12_564_3.jpg,259,625,392,908,Kelloggs Special K Red Berries 375,720,1440
12_565_3.jpg,259,625,428,943,Kelloggs Special K Red Berries 375,720,1440
12_566_1.jpg,259,625,401,8510,Kelloggs Special K Red Berries 375,720,1440
12_567_1.jpg,259,625,420,862,Kelloggs Special K Red Berries 375,720,1440
12_568_1.jpg,259,625,420,862,Kelloggs Special K Red Berries 375,720,1440
12_569_1.jpg,259,625,420,862,Kelloggs Special K Red Berries 375,720,1440
12_570_1.jpg,259,625,420,862,Kelloggs Special K Red Berries 375,720,1440
12_571_1.jpg,259,625,420,862,Kelloggs Special K Red Berries 375,720,1440
12_572_1.jpg,259,625,420,862,Kelloggs Special K Red Berries 375,720,1440
12_573_1.jpg,259,625,420,862,Kelloggs Special K Red Berries 375,720,1440
12_574_1.jpg,259,625,420,862,Kelloggs Special K Red Berries 375,720,1440
12_575_1.jpg,259,625,420,862,Kelloggs Special K Red Berries 375,720,1440
12_576_1.jpg,259,625,420,862,Kelloggs Special K Red Berries 375,720,1440
12_577_1.jpg,259,625,420,862,Kelloggs Special K Red Berries 375,720,1440
12_578_1.jpg,259,625,420,862,Kelloggs Special K Red Berries 375,720,1440
12_579_2.jpg,259,625,372,841,Kelloggs Special K Red Berries 375,720,1440
12_580_2.jpg,259,625,372,841,Kelloggs Special K Red Berries 375,720,1440
12_581_2.jpg,259,625,372,841,Kelloggs Special K Red Berries 375,720,1440
12_582_2.jpg,259,625,349,829,Kelloggs Special K Red Berries 375,720,1440
12_583_2.jpg,259,625,349,829,Kelloggs Special K Red Berries 375,720,1440
12_584_2.jpg,259,625,341,799,Kelloggs Special K Red Berries 375,720,1440
12_585_2.jpg,259,625,341,799,Kelloggs Special K Red Berries 375,720,1440
12_586_2.jpg,259,625,341,799,Kelloggs Special K Red Berries 375,720,1440
12_587_2.jpg,259,625,341,799,Kelloggs Special K Red Berries 375,720,1440
12_588_2.jpg,259,625,341,799,Kelloggs Special K Red Berries 375,720,1440
12_589_2.jpg,259,625,341,799,Kelloggs Special K Red Berries 375,720,1440
12_590_2.jpg,259,625,341,799,Kelloggs Special K Red Berries 375,720,1440
12_591_3.jpg,259,625,341,799,Kelloggs Special K Red Berries 375,720,1440
12_592_3.jpg,259,625,341,799,Kelloggs Special K Red Berries 375,720,1440
12_593_3.jpg,259,625,341,799,Kelloggs Special K Red Berries 375,720,1440
12_594_3.jpg,261,625,342,784,Kelloggs Special K Red Berries 375,720,1440
12_595_3.jpg,261,625,342,784,Kelloggs Special K Red Berries 375,720,1440
12_596_3.jpg,261,625,342,784,Kelloggs Special K Red Berries 375,720,1440
12_597_3.jpg,261,625,376,807,Kelloggs Special K Red Berries 375,720,1440
12_598_3.jpg,261,625,376,807,Kelloggs Special K Red Berries 375,720,1440
12_599_3.jpg,261,625,364,804,Kelloggs Special K Red Berries 375,720,1440
12_600_3.jpg,261,625,364,804,Kelloggs Special K Red Berries 375,720,1440
12_601_3.jpg,261,625,364,804,Kelloggs Special K Red Berries 375,720,1440
12_602_3.jpg,261,625,364,804,Kelloggs Special K Red Berries 375,720,1440
13_603_1.jpg,260,625,495,962,Kellogg's Froot Loops 375g,720,1440
13_604_1.jpg,260,625,495,962,Kellogg's Froot Loops 375g,720,1440
13_605_1.jpg,260,625,495,962,Kellogg's Froot Loops 375g,720,1440
13_606_1.jpg,260,625,495,962,Kellogg's Froot Loops 375g,720,1440
13_607_1.jpg,260,625,495,962,Kellogg's Froot Loops 375g,720,1440
13_608_1.jpg,260,625,495,962,Kellogg's Froot Loops 375g,720,1440
13_609_1.jpg,260,625,488,929,Kellogg's Froot Loops 375g,720,1440
13_610_1.jpg,260,625,488,929,Kellogg's Froot Loops 375g,720,1440
13_611_1.jpg,260,625,488,929,Kellogg's Froot Loops 375g,720,1440
13_612_1.jpg,27,627,189,911,Kellogg's Froot Loops 375g,720,1440
13_613_2.jpg,27,627,225,949,Kellogg's Froot Loops 375g,720,1440
13_614_2.jpg,27,627,225,949,Kellogg's Froot Loops 375g,720,1440
13_615_2.jpg,176,572,334,878,Kellogg's Froot Loops 375g,720,1440
13_616_2.jpg,176,572,334,878,Kellogg's Froot Loops 375g,720,1440
13_617_2.jpg,176,572,334,878,Kellogg's Froot Loops 375g,720,1440
13_618_3.jpg,176,572,286,818,Kellogg's Froot Loops 375g,720,1440
13_619_3.jpg,176,572,286,818,Kellogg's Froot Loops 375g,720,1440
13_620_3.jpg,176,572,306,832,Kellogg's Froot Loops 375g,720,1440
13_621_3.jpg,176,572,306,832,Kellogg's Froot Loops 375g,720,1440
13_622_3.jpg,176,572,306,832,Kellogg's Froot Loops 375g,720,1440
13_623_3.jpg,176,572,347,844,Kellogg's Froot Loops 375g,720,1440
13_624_3.jpg,176,572,347,844,Kellogg's Froot Loops 375g,720,1440
13_625_3.jpg,176,572,347,844,Kellogg's Froot Loops 375g,720,1440
13_626_3.jpg,176,572,347,844,Kellogg's Froot Loops 375g,720,1440
13_627_1.jpg,176,572,343,814,Kellogg's Froot Loops 375g,720,1440
13_628_1.jpg,176,572,343,814,Kellogg's Froot Loops 375g,720,1440
13_629_1.jpg,176,572,343,814,Kellogg's Froot Loops 375g,720,1440
13_630_1.jpg,176,572,343,814,Kellogg's Froot Loops 375g,720,1440
13_631_1.jpg,176,572,343,814,Kellogg's Froot Loops 375g,720,1440
13_632_1.jpg,176,572,343,814,Kellogg's Froot Loops 375g,720,1440
13_633_1.jpg,176,572,343,814,Kellogg's Froot Loops 375g,720,1440
13_634_1.jpg,176,572,343,814,Kellogg's Froot Loops 375g,720,1440
13_635_2.jpg,176,572,290,776,Kellogg's Froot Loops 375g,720,1440
13_636_2.jpg,176,572,290,776,Kellogg's Froot Loops 375g,720,1440
13_637_2.jpg,176,572,290,776,Kellogg's Froot Loops 375g,720,1440
13_638_2.jpg,176,572,290,776,Kellogg's Froot Loops 375g,720,1440
13_639_2.jpg,176,572,290,776,Kellogg's Froot Loops 375g,720,1440
13_640_3.jpg,176,572,290,776,Kellogg's Froot Loops 375g,720,1440
13_641_3.jpg,176,572,290,776,Kellogg's Froot Loops 375g,720,1440
13_642_3.jpg,176,572,290,776,Kellogg's Froot Loops 375g,720,1440
13_643_3.jpg,176,572,290,776,Kellogg's Froot Loops 375g,720,1440
13_644_3.jpg,176,572,290,776,Kellogg's Froot Loops 375g,720,1440
13_645_3.jpg,176,572,290,776,Kellogg's Froot Loops 375g,720,1440
13_646_3.jpg,176,572,290,776,Kellogg's Froot Loops 375g,720,1440
13_647_3.jpg,176,572,290,776,Kellogg's Froot Loops 375g,720,1440
14_648_1.jpg,260,625,567,1004,Kellogg's WK Kellog,720,1440
14_649_1.jpg,260,625,567,1004,Kellogg's WK Kellog,720,1440
14_650_1.jpg,260,625,567,1004,Kellogg's WK Kellog,720,1440
14_651_1.jpg,260,625,567,1004,Kellogg's WK Kellog,720,1440
14_652_1.jpg,260,625,567,1004,Kellogg's WK Kellog,720,1440
14_653_1.jpg,260,625,567,1057,Kellogg's WK Kellog,720,1440
14_654_1.jpg,260,625,567,1057,Kellogg's WK Kellog,720,1440
14_655_1.jpg,260,625,567,1057,Kellogg's WK Kellog,720,1440
14_656_1.jpg,260,625,567,1057,Kellogg's WK Kellog,720,1440
14_657_1.jpg,260,625,534,1009,Kellogg's WK Kellog,720,1440
14_658_1.jpg,260,625,534,1009,Kellogg's WK Kellog,720,1440
14_659_1.jpg,260,625,534,1009,Kellogg's WK Kellog,720,1440
14_660_1.jpg,260,625,534,1009,Kellogg's WK Kellog,720,1440
14_661_1.jpg,260,625,412,953,Kellogg's WK Kellog,720,1440
14_662_2.jpg,260,625,412,953,Kellogg's WK Kellog,720,1440
14_663_2.jpg,260,625,412,953,Kellogg's WK Kellog,720,1440
14_664_2.jpg,260,625,3910,910,Kellogg's WK Kellog,720,1440
14_665_2.jpg,260,625,3910,910,Kellogg's WK Kellog,720,1440
14_666_2.jpg,260,625,3910,910,Kellogg's WK Kellog,720,1440
14_667_2.jpg,260,625,3910,910,Kellogg's WK Kellog,720,1440
14_668_2.jpg,260,625,3910,910,Kellogg's WK Kellog,720,1440
14_669_2.jpg,260,625,348,847,Kellogg's WK Kellog,720,1440
14_670_3.jpg,260,625,348,847,Kellogg's WK Kellog,720,1440
14_671_3.jpg,260,625,353,856,Kellogg's WK Kellog,720,1440
14_672_3.jpg,260,625,353,856,Kellogg's WK Kellog,720,1440
14_673_3.jpg,260,625,384,892,Kellogg's WK Kellog,720,1440
14_674_3.jpg,260,625,384,892,Kellogg's WK Kellog,720,1440
14_675_3.jpg,260,625,384,892,Kellogg's WK Kellog,720,1440
14_676_3.jpg,260,625,397,836,Kellogg's WK Kellog,720,1440
14_677_1.jpg,260,625,397,836,Kellogg's WK Kellog,720,1440
14_678_1.jpg,260,625,397,836,Kellogg's WK Kellog,720,1440
14_679_1.jpg,260,625,397,836,Kellogg's WK Kellog,720,1440
14_680_1.jpg,260,625,397,836,Kellogg's WK Kellog,720,1440
14_681_1.jpg,260,625,397,836,Kellogg's WK Kellog,720,1440
14_682_1.jpg,260,625,397,836,Kellogg's WK Kellog,720,1440
14_683_1.jpg,260,625,397,836,Kellogg's WK Kellog,720,1440
14_684_1.jpg,260,625,397,836,Kellogg's WK Kellog,720,1440
14_685_1.jpg,260,625,397,836,Kellogg's WK Kellog,720,1440
14_686_1.jpg,260,625,397,836,Kellogg's WK Kellog,720,1440
14_687_1.jpg,260,625,357,797,Kellogg's WK Kellog,720,1440
14_688_2.jpg,260,625,357,797,Kellogg's WK Kellog,720,1440
14_689_2.jpg,260,625,357,797,Kellogg's WK Kellog,720,1440
14_690_2.jpg,260,625,333,7610,Kellogg's WK Kellog,720,1440
14_691_3.jpg,260,625,333,7610,Kellogg's WK Kellog,720,1440
14_692_3.jpg,260,625,333,7610,Kellogg's WK Kellog,720,1440
14_693_3.jpg,260,625,333,7610,Kellogg's WK Kellog,720,1440
15_694_1.jpg,260,625,536,954,Kelloggs Special K Choco 375g,720,1440
15_695_1.jpg,260,625,536,954,Kelloggs Special K Choco 375g,720,1440
15_696_1.jpg,260,625,536,954,Kelloggs Special K Choco 375g,720,1440
15_697_1.jpg,260,625,536,954,Kelloggs Special K Choco 375g,720,1440
15_698_1.jpg,260,625,536,954,Kelloggs Special K Choco 375g,720,1440
15_699_1.jpg,260,625,536,954,Kelloggs Special K Choco 375g,720,1440
15_700_1.jpg,260,625,536,954,Kelloggs Special K Choco 375g,720,1440
15_701_1.jpg,260,625,536,954,Kelloggs Special K Choco 375g,720,1440
15_702_2.jpg,260,625,414,868,Kelloggs Special K Choco 375g,720,1440
15_703_2.jpg,260,625,414,868,Kelloggs Special K Choco 375g,720,1440
15_704_2.jpg,260,625,381,852,Kelloggs Special K Choco 375g,720,1440
15_705_2.jpg,260,625,381,852,Kelloggs Special K Choco 375g,720,1440
15_706_2.jpg,260,625,345,819,Kelloggs Special K Choco 375g,720,1440
15_707_2.jpg,260,625,345,819,Kelloggs Special K Choco 375g,720,1440
15_708_3.jpg,260,625,361,810,Kelloggs Special K Choco 375g,720,1440
15_709_3.jpg,260,625,361,810,Kelloggs Special K Choco 375g,720,1440
15_710_3.jpg,260,625,361,810,Kelloggs Special K Choco 375g,720,1440
15_711_3.jpg,260,625,361,810,Kelloggs Special K Choco 375g,720,1440
15_712_3.jpg,260,625,390,853,Kelloggs Special K Choco 375g,720,1440
15_713_3.jpg,260,625,390,853,Kelloggs Special K Choco 375g,720,1440
15_714_1.jpg,260,625,412,815,Kelloggs Special K Choco 375g,720,1440
15_715_1.jpg,260,625,412,815,Kelloggs Special K Choco 375g,720,1440
15_716_1.jpg,260,625,412,815,Kelloggs Special K Choco 375g,720,1440
15_717_1.jpg,260,625,412,815,Kelloggs Special K Choco 375g,720,1440
15_718_1.jpg,260,625,412,815,Kelloggs Special K Choco 375g,720,1440
15_719_1.jpg,446,616,598,806,Kelloggs Special K Choco 375g,720,1440
15_720_1.jpg,446,616,598,806,Kelloggs Special K Choco 375g,720,1440
15_721_2.jpg,446,616,572,782,Kelloggs Special K Choco 375g,720,1440
15_722_2.jpg,446,616,572,782,Kelloggs Special K Choco 375g,720,1440
15_723_2.jpg,446,616,572,782,Kelloggs Special K Choco 375g,720,1440
15_724_2.jpg,552,600,656,766,Kelloggs Special K Choco 375g,720,1440
15_725_2.jpg,552,600,656,766,Kelloggs Special K Choco 375g,720,1440
15_726_2.jpg,552,600,656,766,Kelloggs Special K Choco 375g,720,1440
15_727_2.jpg,552,600,656,766,Kelloggs Special K Choco 375g,720,1440
15_728_3.jpg,552,600,656,766,Kelloggs Special K Choco 375g,720,1440
15_729_3.jpg,552,600,656,766,Kelloggs Special K Choco 375g,720,1440
15_730_3.jpg,552,600,656,766,Kelloggs Special K Choco 375g,720,1440
15_731_3.jpg,399,615,503,781,Kelloggs Special K Choco 375g,720,1440
15_732_3.jpg,399,615,503,781,Kelloggs Special K Choco 375g,720,1440
15_733_3.jpg,399,615,503,781,Kelloggs Special K Choco 375g,720,1440
15_734_3.jpg,399,615,503,781,Kelloggs Special K Choco 375g,720,1440
16_735_1.jpg,260,625,460,816,Kellogg's WKK Crunchy Müsli,720,1440
16_736_1.jpg,260,625,440,864,Kellogg's WKK Crunchy Müsli,720,1440
16_737_1.jpg,260,625,440,864,Kellogg's WKK Crunchy Müsli,720,1440
16_738_1.jpg,260,625,440,864,Kellogg's WKK Crunchy Müsli,720,1440
16_739_1.jpg,260,625,440,864,Kellogg's WKK Crunchy Müsli,720,1440
16_740_1.jpg,260,625,374,832,Kellogg's WKK Crunchy Müsli,720,1440
16_741_2.jpg,260,625,374,832,Kellogg's WKK Crunchy Müsli,720,1440
16_742_2.jpg,260,625,374,832,Kellogg's WKK Crunchy Müsli,720,1440
16_743_2.jpg,260,625,374,832,Kellogg's WKK Crunchy Müsli,720,1440
16_744_2.jpg,260,625,374,832,Kellogg's WKK Crunchy Müsli,720,1440
16_745_2.jpg,260,625,374,832,Kellogg's WKK Crunchy Müsli,720,1440
16_746_2.jpg,260,625,374,832,Kellogg's WKK Crunchy Müsli,720,1440
16_747_3.jpg,260,625,374,832,Kellogg's WKK Crunchy Müsli,720,1440
16_748_3.jpg,260,625,374,832,Kellogg's WKK Crunchy Müsli,720,1440
16_749_3.jpg,260,625,374,832,Kellogg's WKK Crunchy Müsli,720,1440
16_750_3.jpg,260,625,399,819,Kellogg's WKK Crunchy Müsli,720,1440
16_751_1.jpg,260,625,399,819,Kellogg's WKK Crunchy Müsli,720,1440
16_752_1.jpg,260,625,399,819,Kellogg's WKK Crunchy Müsli,720,1440
16_753_1.jpg,260,625,399,819,Kellogg's WKK Crunchy Müsli,720,1440
16_754_1.jpg,260,625,355,797,Kellogg's WKK Crunchy Müsli,720,1440
16_755_2.jpg,260,625,355,797,Kellogg's WKK Crunchy Müsli,720,1440
16_756_2.jpg,260,625,355,797,Kellogg's WKK Crunchy Müsli,720,1440
16_757_2.jpg,260,625,355,797,Kellogg's WKK Crunchy Müsli,720,1440
16_758_2.jpg,260,625,355,797,Kellogg's WKK Crunchy Müsli,720,1440
16_759_3.jpg,260,625,355,797,Kellogg's WKK Crunchy Müsli,720,1440
16_760_3.jpg,260,625,355,797,Kellogg's WKK Crunchy Müsli,720,1440
16_761_3.jpg,260,625,355,797,Kellogg's WKK Crunchy Müsli,720,1440
16_762_1.jpg,260,625,417,813,Kellogg's WKK Crunchy Müsli,720,1440
16_763_1.jpg,260,625,417,813,Kellogg's WKK Crunchy Müsli,720,1440
16_764_1.jpg,260,625,417,813,Kellogg's WKK Crunchy Müsli,720,1440
16_765_2.jpg,260,625,387,845,Kellogg's WKK Crunchy Müsli,720,1440
16_766_2.jpg,260,625,387,845,Kellogg's WKK Crunchy Müsli,720,1440
16_767_2.jpg,260,625,387,845,Kellogg's WKK Crunchy Müsli,720,1440
16_768_2.jpg,260,625,387,845,Kellogg's WKK Crunchy Müsli,720,1440
16_769_2.jpg,260,625,387,845,Kellogg's WKK Crunchy Müsli,720,1440
16_770_3.jpg,260,625,387,845,Kellogg's WKK Crunchy Müsli,720,1440
16_771_3.jpg,260,625,387,845,Kellogg's WKK Crunchy Müsli,720,1440
16_772_3.jpg,260,625,363,832,Kellogg's WKK Crunchy Müsli,720,1440
16_773_3.jpg,260,625,363,832,Kellogg's WKK Crunchy Müsli,720,1440
16_774_1.jpg,260,625,386,821,Kellogg's WKK Crunchy Müsli,720,1440
16_775_1.jpg,260,625,386,821,Kellogg's WKK Crunchy Müsli,720,1440
16_776_1.jpg,260,625,386,821,Kellogg's WKK Crunchy Müsli,720,1440
16_777_2.jpg,260,625,364,819,Kellogg's WKK Crunchy Müsli,720,1440
16_778_2.jpg,260,625,364,819,Kellogg's WKK Crunchy Müsli,720,1440
16_779_2.jpg,260,625,364,819,Kellogg's WKK Crunchy Müsli,720,1440
16_780_2.jpg,260,625,353,795,Kellogg's WKK Crunchy Müsli,720,1440
16_781_2.jpg,260,625,353,795,Kellogg's WKK Crunchy Müsli,720,1440
16_782_2.jpg,260,625,353,795,Kellogg's WKK Crunchy Müsli,720,1440
16_783_2.jpg,260,625,353,795,Kellogg's WKK Crunchy Müsli,720,1440
16_784_2.jpg,260,625,353,795,Kellogg's WKK Crunchy Müsli,720,1440
16_785_3.jpg,260,625,353,795,Kellogg's WKK Crunchy Müsli,720,1440
16_786_3.jpg,260,625,353,795,Kellogg's WKK Crunchy Müsli,720,1440
16_787_3.jpg,260,625,353,795,Kellogg's WKK Crunchy Müsli,720,1440
16_788_3.jpg,260,625,353,795,Kellogg's WKK Crunchy Müsli,720,1440
17_789_1.jpg,260,625,428,818,W.K Kellogg Crunchy Müsli (cacao and hazelnut),720,1440
17_790_1.jpg,260,625,428,818,W.K Kellogg Crunchy Müsli (cacao and hazelnut),720,1440
17_791_1.jpg,260,625,428,818,W.K Kellogg Crunchy Müsli (cacao and hazelnut),720,1440
17_792_1.jpg,260,625,428,818,W.K Kellogg Crunchy Müsli (cacao and hazelnut),720,1440
17_793_1.jpg,260,625,428,818,W.K Kellogg Crunchy Müsli (cacao and hazelnut),720,1440
17_794_1.jpg,260,625,428,818,W.K Kellogg Crunchy Müsli (cacao and hazelnut),720,1440
17_795_1.jpg,260,625,428,818,W.K Kellogg Crunchy Müsli (cacao and hazelnut),720,1440
17_796_1.jpg,260,625,428,818,W.K Kellogg Crunchy Müsli (cacao and hazelnut),720,1440
17_797_2.jpg,260,625,382,831,W.K Kellogg Crunchy Müsli (cacao and hazelnut),720,1440
17_798_2.jpg,260,625,3610,8210,W.K Kellogg Crunchy Müsli (cacao and hazelnut),720,1440
17_799_2.jpg,260,625,3610,8210,W.K Kellogg Crunchy Müsli (cacao and hazelnut),720,1440
17_800_2.jpg,260,625,3610,8210,W.K Kellogg Crunchy Müsli (cacao and hazelnut),720,1440
17_801_2.jpg,260,625,3610,8210,W.K Kellogg Crunchy Müsli (cacao and hazelnut),720,1440
17_802_3.jpg,260,625,3610,8210,W.K Kellogg Crunchy Müsli (cacao and hazelnut),720,1440
17_803_3.jpg,260,625,3610,8210,W.K Kellogg Crunchy Müsli (cacao and hazelnut),720,1440
17_804_3.jpg,260,625,3610,8210,W.K Kellogg Crunchy Müsli (cacao and hazelnut),720,1440
17_805_3.jpg,260,625,3610,8210,W.K Kellogg Crunchy Müsli (cacao and hazelnut),720,1440
17_806_3.jpg,260,625,3610,8210,W.K Kellogg Crunchy Müsli (cacao and hazelnut),720,1440
17_807_1.jpg,260,625,373,803,W.K Kellogg Crunchy Müsli (cacao and hazelnut),720,1440
17_808_1.jpg,260,625,373,803,W.K Kellogg Crunchy Müsli (cacao and hazelnut),720,1440
17_809_1.jpg,260,625,373,803,W.K Kellogg Crunchy Müsli (cacao and hazelnut),720,1440
17_810_1.jpg,260,625,373,803,W.K Kellogg Crunchy Müsli (cacao and hazelnut),720,1440
17_811_1.jpg,260,625,382,799,W.K Kellogg Crunchy Müsli (cacao and hazelnut),720,1440
17_812_1.jpg,260,625,382,799,W.K Kellogg Crunchy Müsli (cacao and hazelnut),720,1440
17_813_1.jpg,260,625,382,799,W.K Kellogg Crunchy Müsli (cacao and hazelnut),720,1440
17_814_2.jpg,260,625,344,792,W.K Kellogg Crunchy Müsli (cacao and hazelnut),720,1440
17_815_2.jpg,260,625,344,792,W.K Kellogg Crunchy Müsli (cacao and hazelnut),720,1440
17_816_2.jpg,260,625,344,792,W.K Kellogg Crunchy Müsli (cacao and hazelnut),720,1440
17_817_2.jpg,260,625,330,774,W.K Kellogg Crunchy Müsli (cacao and hazelnut),720,1440
17_818_2.jpg,260,625,330,774,W.K Kellogg Crunchy Müsli (cacao and hazelnut),720,1440
17_819_2.jpg,260,625,330,774,W.K Kellogg Crunchy Müsli (cacao and hazelnut),720,1440
17_820_3.jpg,260,625,332,763,W.K Kellogg Crunchy Müsli (cacao and hazelnut),720,1440
17_821_3.jpg,260,625,332,763,W.K Kellogg Crunchy Müsli (cacao and hazelnut),720,1440
17_822_3.jpg,260,625,332,763,W.K Kellogg Crunchy Müsli (cacao and hazelnut),720,1440
17_823_3.jpg,260,625,332,763,W.K Kellogg Crunchy Müsli (cacao and hazelnut),720,1440
18_824_1.jpg,260,625,460,816,Kellogg's - Tresor choco roulette 375g,720,1440
18_825_1.jpg,260,625,443,852,Kellogg's - Tresor choco roulette 375g,720,1440
18_826_1.jpg,260,625,443,852,Kellogg's - Tresor choco roulette 375g,720,1440
18_827_1.jpg,260,625,441,837,Kellogg's - Tresor choco roulette 375g,720,1440
18_828_1.jpg,260,625,441,837,Kellogg's - Tresor choco roulette 375g,720,1440
18_829_1.jpg,260,625,441,837,Kellogg's - Tresor choco roulette 375g,720,1440
18_830_2.jpg,260,625,393,835,Kellogg's - Tresor choco roulette 375g,720,1440
18_831_2.jpg,260,625,393,835,Kellogg's - Tresor choco roulette 375g,720,1440
18_832_2.jpg,260,625,393,835,Kellogg's - Tresor choco roulette 375g,720,1440
18_833_2.jpg,260,625,393,835,Kellogg's - Tresor choco roulette 375g,720,1440
18_834_2.jpg,260,625,393,835,Kellogg's - Tresor choco roulette 375g,720,1440
18_835_2.jpg,260,625,393,835,Kellogg's - Tresor choco roulette 375g,720,1440
18_836_2.jpg,260,625,393,835,Kellogg's - Tresor choco roulette 375g,720,1440
18_837_2.jpg,260,625,393,835,Kellogg's - Tresor choco roulette 375g,720,1440
18_838_3.jpg,268,625,379,8010,Kellogg's - Tresor choco roulette 375g,720,1440
18_839_3.jpg,268,625,379,8010,Kellogg's - Tresor choco roulette 375g,720,1440
18_840_3.jpg,268,625,379,8010,Kellogg's - Tresor choco roulette 375g,720,1440
18_841_3.jpg,268,625,401,823,Kellogg's - Tresor choco roulette 375g,720,1440
18_842_3.jpg,268,625,401,823,Kellogg's - Tresor choco roulette 375g,720,1440
18_843_3.jpg,268,625,401,823,Kellogg's - Tresor choco roulette 375g,720,1440
18_844_3.jpg,268,625,401,823,Kellogg's - Tresor choco roulette 375g,720,1440
18_845_1.jpg,268,625,415,818,Kellogg's - Tresor choco roulette 375g,720,1440
18_846_1.jpg,268,625,415,818,Kellogg's - Tresor choco roulette 375g,720,1440
18_847_1.jpg,423,632,570,826,Kellogg's - Tresor choco roulette 375g,720,1440
18_848_1.jpg,423,632,570,826,Kellogg's - Tresor choco roulette 375g,720,1440
18_849_2.jpg,423,632,545,811,Kellogg's - Tresor choco roulette 375g,720,1440
18_850_2.jpg,423,632,521,807,Kellogg's - Tresor choco roulette 375g,720,1440
18_851_2.jpg,423,632,521,807,Kellogg's - Tresor choco roulette 375g,720,1440
18_852_3.jpg,423,632,521,807,Kellogg's - Tresor choco roulette 375g,720,1440
18_853_3.jpg,423,632,521,807,Kellogg's - Tresor choco roulette 375g,720,1440
18_854_3.jpg,423,632,521,807,Kellogg's - Tresor choco roulette 375g,720,1440
18_855_3.jpg,423,632,521,807,Kellogg's - Tresor choco roulette 375g,720,1440
18_856_3.jpg,423,632,521,807,Kellogg's - Tresor choco roulette 375g,720,1440
18_857_3.jpg,423,632,521,807,Kellogg's - Tresor choco roulette 375g,720,1440
18_858_3.jpg,423,632,521,807,Kellogg's - Tresor choco roulette 375g,720,1440
19_859_1.jpg,260,625,479,894,Weetabix Original,720,1440
19_860_1.jpg,260,625,479,894,Weetabix Original,720,1440
19_861_1.jpg,260,625,479,894,Weetabix Original,720,1440
19_862_1.jpg,260,625,479,894,Weetabix Original,720,1440
19_863_1.jpg,260,625,479,894,Weetabix Original,720,1440
19_864_1.jpg,260,625,479,894,Weetabix Original,720,1440
19_865_1.jpg,260,625,479,894,Weetabix Original,720,1440
19_866_1.jpg,260,625,479,894,Weetabix Original,720,1440
19_867_1.jpg,260,625,479,894,Weetabix Original,720,1440
19_868_1.jpg,260,625,479,894,Weetabix Original,720,1440
19_869_1.jpg,260,625,479,894,Weetabix Original,720,1440
19_870_1.jpg,260,625,479,894,Weetabix Original,720,1440
19_871_2.jpg,260,625,392,853,Weetabix Original,720,1440
19_872_2.jpg,260,625,392,853,Weetabix Original,720,1440
19_873_2.jpg,260,625,392,853,Weetabix Original,720,1440
19_874_2.jpg,260,625,398,835,Weetabix Original,720,1440
19_875_2.jpg,260,625,381,844,Weetabix Original,720,1440
19_876_2.jpg,260,625,381,844,Weetabix Original,720,1440
19_877_2.jpg,260,625,381,844,Weetabix Original,720,1440
19_878_2.jpg,260,625,381,844,Weetabix Original,720,1440
19_879_2.jpg,260,625,381,844,Weetabix Original,720,1440
19_880_2.jpg,260,625,358,826,Weetabix Original,720,1440
19_881_2.jpg,260,625,378,836,Weetabix Original,720,1440
19_882_3.jpg,260,625,378,836,Weetabix Original,720,1440
19_883_3.jpg,260,625,378,836,Weetabix Original,720,1440
19_884_3.jpg,260,625,378,836,Weetabix Original,720,1440
19_885_3.jpg,260,625,378,836,Weetabix Original,720,1440
19_886_3.jpg,260,625,414,845,Weetabix Original,720,1440
19_887_3.jpg,260,625,414,845,Weetabix Original,720,1440
19_888_3.jpg,260,625,414,845,Weetabix Original,720,1440
19_889_3.jpg,260,625,385,837,Weetabix Original,720,1440
19_890_3.jpg,260,625,385,837,Weetabix Original,720,1440
19_891_3.jpg,260,625,408,814,Weetabix Original,720,1440
19_892_3.jpg,260,625,408,814,Weetabix Original,720,1440
19_893_3.jpg,260,625,408,814,Weetabix Original,720,1440
19_894_1.jpg,260,625,408,814,Weetabix Original,720,1440
19_895_1.jpg,260,625,408,814,Weetabix Original,720,1440
19_896_1.jpg,260,625,408,814,Weetabix Original,720,1440
19_897_1.jpg,260,625,408,814,Weetabix Original,720,1440
19_898_1.jpg,260,625,408,814,Weetabix Original,720,1440
19_899_1.jpg,260,625,363,795,Weetabix Original,720,1440
19_900_1.jpg,260,625,363,795,Weetabix Original,720,1440
19_901_1.jpg,260,625,363,795,Weetabix Original,720,1440
19_902_2.jpg,260,625,363,795,Weetabix Original,720,1440
19_903_2.jpg,260,625,366,7710,Weetabix Original,720,1440
19_904_2.jpg,260,625,366,7710,Weetabix Original,720,1440
19_905_2.jpg,260,625,351,7610,Weetabix Original,720,1440
19_906_2.jpg,260,625,351,7610,Weetabix Original,720,1440
19_907_2.jpg,260,625,351,7610,Weetabix Original,720,1440
19_908_2.jpg,260,625,351,7610,Weetabix Original,720,1440
19_909_2.jpg,260,625,351,7610,Weetabix Original,720,1440
19_910_2.jpg,260,625,351,7610,Weetabix Original,720,1440
19_911_2.jpg,516,373,607,518,Weetabix Original,720,1440
19_912_2.jpg,225,679,316,824,Weetabix Original,720,1440
19_913_2.jpg,225,679,316,824,Weetabix Original,720,1440
19_914_2.jpg,225,679,316,824,Weetabix Original,720,1440
19_915_3.jpg,225,679,316,824,Weetabix Original,720,1440
19_916_3.jpg,225,679,316,824,Weetabix Original,720,1440
19_917_3.jpg,225,679,316,824,Weetabix Original,720,1440
20_918_1.jpg,260,625,443,8110,M-Classic aha! Crisp Rice,720,1440
20_919_1.jpg,260,625,443,8110,M-Classic aha! Crisp Rice,720,1440
20_920_1.jpg,260,625,443,8110,M-Classic aha! Crisp Rice,720,1440
20_921_1.jpg,260,625,443,8110,M-Classic aha! Crisp Rice,720,1440
20_922_1.jpg,260,625,443,8110,M-Classic aha! Crisp Rice,720,1440
20_923_1.jpg,260,625,443,8110,M-Classic aha! Crisp Rice,720,1440
20_924_1.jpg,260,625,443,8110,M-Classic aha! Crisp Rice,720,1440
20_925_2.jpg,260,625,388,835,M-Classic aha! Crisp Rice,720,1440
20_926_2.jpg,260,625,388,835,M-Classic aha! Crisp Rice,720,1440
20_927_2.jpg,260,625,388,835,M-Classic aha! Crisp Rice,720,1440
20_928_2.jpg,260,625,388,835,M-Classic aha! Crisp Rice,720,1440
20_929_2.jpg,260,625,388,835,M-Classic aha! Crisp Rice,720,1440
20_930_2.jpg,260,625,388,835,M-Classic aha! Crisp Rice,720,1440
20_931_2.jpg,260,625,388,835,M-Classic aha! Crisp Rice,720,1440
20_932_3.jpg,260,625,388,835,M-Classic aha! Crisp Rice,720,1440
20_933_3.jpg,260,625,388,835,M-Classic aha! Crisp Rice,720,1440
20_934_3.jpg,260,625,388,835,M-Classic aha! Crisp Rice,720,1440
20_935_3.jpg,260,625,388,835,M-Classic aha! Crisp Rice,720,1440
20_936_3.jpg,260,625,388,835,M-Classic aha! Crisp Rice,720,1440
20_937_3.jpg,260,625,388,835,M-Classic aha! Crisp Rice,720,1440
20_938_1.jpg,260,625,393,8010,M-Classic aha! Crisp Rice,720,1440
20_939_1.jpg,260,625,393,8010,M-Classic aha! Crisp Rice,720,1440
20_940_1.jpg,260,625,393,8010,M-Classic aha! Crisp Rice,720,1440
20_941_1.jpg,260,625,393,8010,M-Classic aha! Crisp Rice,720,1440
20_942_1.jpg,260,625,393,8010,M-Classic aha! Crisp Rice,720,1440
20_943_1.jpg,260,625,393,8010,M-Classic aha! Crisp Rice,720,1440
20_944_1.jpg,260,625,393,8010,M-Classic aha! Crisp Rice,720,1440
20_945_2.jpg,260,625,393,8010,M-Classic aha! Crisp Rice,720,1440
20_946_2.jpg,260,625,393,8010,M-Classic aha! Crisp Rice,720,1440
20_947_2.jpg,260,625,355,802,M-Classic aha! Crisp Rice,720,1440
20_948_2.jpg,260,625,355,802,M-Classic aha! Crisp Rice,720,1440
20_949_2.jpg,260,625,355,802,M-Classic aha! Crisp Rice,720,1440
20_950_2.jpg,260,625,355,802,M-Classic aha! Crisp Rice,720,1440
20_951_3.jpg,260,625,355,802,M-Classic aha! Crisp Rice,720,1440
20_952_3.jpg,260,625,355,802,M-Classic aha! Crisp Rice,720,1440
20_953_3.jpg,260,625,355,802,M-Classic aha! Crisp Rice,720,1440
20_954_3.jpg,260,625,355,802,M-Classic aha! Crisp Rice,720,1440
20_955_3.jpg,260,625,355,802,M-Classic aha! Crisp Rice,720,1440
20_956_3.jpg,260,625,355,802,M-Classic aha! Crisp Rice,720,1440
21_957_1.jpg,260,625,460,816,undefined Red Fruit,720,1440
21_958_1.jpg,260,625,460,816,undefined Red Fruit,720,1440
21_959_1.jpg,260,625,460,816,undefined Red Fruit,720,1440
21_960_1.jpg,260,625,460,816,undefined Red Fruit,720,1440
21_961_2.jpg,260,625,460,816,undefined Red Fruit,720,1440
21_962_2.jpg,260,625,403,872,undefined Red Fruit,720,1440
21_963_2.jpg,260,625,403,872,undefined Red Fruit,720,1440
21_964_2.jpg,260,625,403,872,undefined Red Fruit,720,1440
21_965_3.jpg,260,625,403,872,undefined Red Fruit,720,1440
21_966_3.jpg,260,625,403,872,undefined Red Fruit,720,1440
21_967_3.jpg,260,625,403,872,undefined Red Fruit,720,1440
21_968_3.jpg,260,625,403,872,undefined Red Fruit,720,1440
21_969_1.jpg,260,625,400,827,undefined Red Fruit,720,1440
21_970_1.jpg,260,625,400,827,undefined Red Fruit,720,1440
21_971_1.jpg,260,625,400,827,undefined Red Fruit,720,1440
21_972_1.jpg,260,625,400,827,undefined Red Fruit,720,1440
21_973_1.jpg,260,625,400,827,undefined Red Fruit,720,1440
21_974_2.jpg,260,625,376,816,undefined Red Fruit,720,1440
21_975_2.jpg,260,625,376,816,undefined Red Fruit,720,1440
21_976_2.jpg,260,625,376,816,undefined Red Fruit,720,1440
21_977_2.jpg,260,625,376,816,undefined Red Fruit,720,1440
21_978_2.jpg,260,625,376,816,undefined Red Fruit,720,1440
21_979_3.jpg,260,625,376,816,undefined Red Fruit,720,1440
21_980_3.jpg,260,625,376,816,undefined Red Fruit,720,1440
21_981_3.jpg,260,625,376,816,undefined Red Fruit,720,1440
22_982_1.jpg,260,625,460,816,undefined Fit Natural Flakes,720,1440
22_983_1.jpg,260,625,460,816,undefined Fit Natural Flakes,720,1440
22_984_1.jpg,260,625,460,816,undefined Fit Natural Flakes,720,1440
22_985_1.jpg,260,625,445,839,undefined Fit Natural Flakes,720,1440
22_986_1.jpg,260,625,424,820,undefined Fit Natural Flakes,720,1440
22_987_1.jpg,260,625,424,820,undefined Fit Natural Flakes,720,1440
22_988_1.jpg,260,625,441,822,undefined Fit Natural Flakes,720,1440
22_989_1.jpg,260,625,441,822,undefined Fit Natural Flakes,720,1440
22_990_2.jpg,260,625,415,848,undefined Fit Natural Flakes,720,1440
22_991_2.jpg,260,625,415,848,undefined Fit Natural Flakes,720,1440
22_992_2.jpg,260,625,415,848,undefined Fit Natural Flakes,720,1440
22_993_2.jpg,260,625,376,831,undefined Fit Natural Flakes,720,1440
22_994_2.jpg,260,625,376,831,undefined Fit Natural Flakes,720,1440
22_995_2.jpg,260,625,376,831,undefined Fit Natural Flakes,720,1440
22_996_2.jpg,260,625,376,831,undefined Fit Natural Flakes,720,1440
22_997_2.jpg,260,625,376,831,undefined Fit Natural Flakes,720,1440
22_998_2.jpg,260,625,387,853,undefined Fit Natural Flakes,720,1440
22_999_3.jpg,260,625,387,853,undefined Fit Natural Flakes,720,1440
22_1000_3.jpg,260,625,387,853,undefined Fit Natural Flakes,720,1440
22_1001_3.jpg,260,625,387,853,undefined Fit Natural Flakes,720,1440
22_1002_3.jpg,260,625,387,853,undefined Fit Natural Flakes,720,1440
22_1003_3.jpg,260,625,405,862,undefined Fit Natural Flakes,720,1440
22_1004_3.jpg,260,625,405,862,undefined Fit Natural Flakes,720,1440
22_1005_3.jpg,260,625,405,862,undefined Fit Natural Flakes,720,1440
22_1006_3.jpg,260,625,386,816,undefined Fit Natural Flakes,720,1440
22_1007_1.jpg,260,625,386,816,undefined Fit Natural Flakes,720,1440
22_1008_1.jpg,260,625,386,816,undefined Fit Natural Flakes,720,1440
22_1009_1.jpg,260,625,386,816,undefined Fit Natural Flakes,720,1440
22_1010_1.jpg,240,625,386,794,undefined Fit Natural Flakes,720,1440
22_1011_1.jpg,240,625,386,794,undefined Fit Natural Flakes,720,1440
22_1012_1.jpg,240,625,386,794,undefined Fit Natural Flakes,720,1440
22_1013_1.jpg,240,625,386,794,undefined Fit Natural Flakes,720,1440
22_1014_1.jpg,240,625,347,830,undefined Fit Natural Flakes,720,1440
22_1015_2.jpg,240,625,347,830,undefined Fit Natural Flakes,720,1440
22_1016_2.jpg,240,625,344,811,undefined Fit Natural Flakes,720,1440
22_1017_2.jpg,240,625,344,811,undefined Fit Natural Flakes,720,1440
22_1018_2.jpg,240,625,344,811,undefined Fit Natural Flakes,720,1440
22_1019_2.jpg,240,625,314,804,undefined Fit Natural Flakes,720,1440
22_1020_2.jpg,240,625,314,804,undefined Fit Natural Flakes,720,1440
22_1021_2.jpg,240,625,314,804,undefined Fit Natural Flakes,720,1440
22_1022_2.jpg,240,625,347,819,undefined Fit Natural Flakes,720,1440
22_1023_3.jpg,240,625,347,819,undefined Fit Natural Flakes,720,1440
22_1024_3.jpg,240,625,347,819,undefined Fit Natural Flakes,720,1440
22_1025_3.jpg,240,625,349,800,undefined Fit Natural Flakes,720,1440
22_1026_3.jpg,240,625,349,800,undefined Fit Natural Flakes,720,1440
23_1027_1.jpg,260,625,410,834,undefined CHOCO Cereal Flakes,720,1440
23_1028_1.jpg,260,625,410,834,undefined CHOCO Cereal Flakes,720,1440
23_1029_1.jpg,260,625,410,834,undefined CHOCO Cereal Flakes,720,1440
23_1030_1.jpg,260,625,410,834,undefined CHOCO Cereal Flakes,720,1440
23_1031_1.jpg,260,625,410,834,undefined CHOCO Cereal Flakes,720,1440
23_1032_1.jpg,260,625,410,834,undefined CHOCO Cereal Flakes,720,1440
23_1033_2.jpg,260,625,410,834,undefined CHOCO Cereal Flakes,720,1440
23_1034_2.jpg,260,625,410,834,undefined CHOCO Cereal Flakes,720,1440
23_1035_2.jpg,260,625,380,818,undefined CHOCO Cereal Flakes,720,1440
23_1036_2.jpg,260,625,380,818,undefined CHOCO Cereal Flakes,720,1440
23_1037_2.jpg,260,625,380,818,undefined CHOCO Cereal Flakes,720,1440
23_1038_2.jpg,260,625,380,818,undefined CHOCO Cereal Flakes,720,1440
23_1039_2.jpg,260,625,380,818,undefined CHOCO Cereal Flakes,720,1440
23_1040_2.jpg,260,625,380,818,undefined CHOCO Cereal Flakes,720,1440
23_1041_2.jpg,260,625,380,818,undefined CHOCO Cereal Flakes,720,1440
23_1042_3.jpg,260,625,380,818,undefined CHOCO Cereal Flakes,720,1440
23_1043_3.jpg,260,625,380,818,undefined CHOCO Cereal Flakes,720,1440
23_1044_3.jpg,260,625,380,818,undefined CHOCO Cereal Flakes,720,1440
23_1045_3.jpg,260,625,380,818,undefined CHOCO Cereal Flakes,720,1440
23_1046_3.jpg,260,625,380,818,undefined CHOCO Cereal Flakes,720,1440
23_1047_3.jpg,260,625,380,818,undefined CHOCO Cereal Flakes,720,1440
23_1048_1.jpg,260,625,385,799,undefined CHOCO Cereal Flakes,720,1440
23_1049_1.jpg,260,625,385,799,undefined CHOCO Cereal Flakes,720,1440
23_1050_1.jpg,260,625,385,799,undefined CHOCO Cereal Flakes,720,1440
23_1051_1.jpg,260,625,385,799,undefined CHOCO Cereal Flakes,720,1440
23_1052_1.jpg,260,625,385,799,undefined CHOCO Cereal Flakes,720,1440
23_1053_1.jpg,260,625,385,799,undefined CHOCO Cereal Flakes,720,1440
23_1054_1.jpg,260,625,385,799,undefined CHOCO Cereal Flakes,720,1440
23_1055_1.jpg,260,625,385,799,undefined CHOCO Cereal Flakes,720,1440
23_1056_1.jpg,260,625,385,799,undefined CHOCO Cereal Flakes,720,1440
23_1057_1.jpg,260,625,385,799,undefined CHOCO Cereal Flakes,720,1440
23_1058_2.jpg,260,625,364,792,undefined CHOCO Cereal Flakes,720,1440
23_1059_2.jpg,260,625,364,792,undefined CHOCO Cereal Flakes,720,1440
23_1060_2.jpg,260,625,364,792,undefined CHOCO Cereal Flakes,720,1440
23_1061_2.jpg,260,625,364,792,undefined CHOCO Cereal Flakes,720,1440
23_1062_2.jpg,260,625,358,782,undefined CHOCO Cereal Flakes,720,1440
23_1063_2.jpg,260,625,358,782,undefined CHOCO Cereal Flakes,720,1440
23_1064_2.jpg,260,625,358,782,undefined CHOCO Cereal Flakes,720,1440
23_1065_3.jpg,260,625,358,782,undefined CHOCO Cereal Flakes,720,1440
23_1066_3.jpg,260,625,358,782,undefined CHOCO Cereal Flakes,720,1440
23_1067_3.jpg,260,625,358,782,undefined CHOCO Cereal Flakes,720,1440
23_1068_3.jpg,260,625,358,782,undefined CHOCO Cereal Flakes,720,1440
23_1069_3.jpg,260,625,358,782,undefined CHOCO Cereal Flakes,720,1440
23_1070_3.jpg,260,625,358,782,undefined CHOCO Cereal Flakes,720,1440
